tau,ene,err
0.1,-20.272992757954075,0.09765016496610543
0.06,-20.313556230087595,0.08353831990578055
0.05,-20.328113755381924,0.0839965952613096
0.04,-20.490070938696878,0.08355806755480155
0.03,-20.392036994472914,0.07939462135709473
0.02,-20.54126014221341,0.08685639116868116
0.01,-20.230964168648033,0.09624272977195976
0.003,-20.265412736851182,0.08053652142923048
