tau,ene,err
0.1,-17.959975918084258,0.0864661448581156
0.06,-18.408744984425038,0.07378251508250104
0.04,-19.024605635545672,0.07967288989761002
0.03,-19.105823906144302,0.07841583876519476
0.02,-19.345618959493212,0.07163614959905208
0.01,-19.635610792184576,0.08125953271182931
0.006,-19.87959016869876,0.07440085878015512
0.003,-19.8831404500018,0.07188745150169813
