tau,ene,err
0.1,-21.189254799965088,0.09211670724734708
0.06,-21.337420597570294,0.06812663328895804
0.04,-21.072637263000573,0.08435745369647904
0.03,-20.97255772572534,0.08215110262075079
0.02,-20.9619303313539,0.09254460012660165
0.01,-20.577245613528024,0.09013593570192771
0.003,-20.36312085674493,0.08700521931491834
