tau,ene,err
0.1,-19.175943834748903,0.0883758160769914
0.06,-19.3878812435048,0.07687430960029006
0.03,-19.471441170199494,0.07772278066015355
0.02,-19.741284696790217,0.08436556986736109
0.01,-19.85112501583024,0.07576353070808066
0.006,-19.87749111989142,0.06822494741357764
0.003,-19.988702752370934,0.08319356167188913
