,A,A,A,A,A,A,A,A,AB,AB,AB,AB,AB,AB,AB,AB,Eint,Eint,Eint
,tau,taueff,ene,err,errerr,Nsteps,NumOfWalkers,Variance,tau,taueff,ene,err,errerr,Nsteps,NumOfWalkers,Variance,ene,err,unit
tau,,,,,,,,,,,,,,,,,,,
0.01,0.01,0.00990299,-45.83839287339573,3.1490023798997e-05,1.606968547825861e-06,100000,102289.21273737373,0.658304360738803,0.01,0.00990267,-91.70881037641688,7.319587797449461e-05,5.581133372675108e-06,45700,102265.35577181209,1.322143229512322,-20.0955511638344,0.060592629848125315,kcal/mol
0.03,0.03,0.0288499,-45.84245720444601,3.4982061766180723e-05,1.552078011050851e-06,33000,101937.42045489332,0.7051864328358364,0.03,0.0288465,-91.71712925700689,5.843330096261473e-05,3.6809519674207076e-06,33000,101959.82036917991,1.3767106126710564,-20.214913836620024,0.057200707892956,kcal/mol
0.06,0.06,0.0548754,-45.84803446268694,3.853432590047133e-05,2.466907429306866e-06,16000,101340.40646709612,0.7096968579817589,0.06,0.0548615,-91.72904610177713,4.993112506616102e-05,2.251068964846964e-06,16000,101282.62397372742,1.4330181015186814,-20.693277124568613,0.05762341407965011,kcal/mol
0.1,0.1,0.0853208,-45.85533717713283,4.297668511594465e-05,2.456813563833209e-06,10000,100541.73222222223,0.7326794284476384,0.1,0.0852837,-91.74427439338525,5.036959490596233e-05,2.8794380868579535e-06,10000,100315.43242424242,1.4794467996898486,-21.084125347660695,0.06251478897566376,kcal/mol
