,A,A,A,A,A,A,A,A,AB,AB,AB,AB,AB,AB,AB,AB,Eint,Eint,Eint
,tau,taueff,ene,err,errerr,Nsteps,NumOfWalkers,Variance,tau,taueff,ene,err,errerr,Nsteps,NumOfWalkers,Variance,ene,err,unit
tau,,,,,,,,,,,,,,,,,,,
0.01,0.01,0.00990314,-45.83940512260387,3.47648629211387e-05,1.7740869819706769e-06,100000,102263.43654545455,0.6519612275153541,0.01,0.00990283,-91.71094705495366,7.631872219199991e-05,5.819248011945608e-06,46000,102247.51442222222,1.3097947110879247,-20.1659445259949,0.06478472419514082,kcal/mol
0.03,0.03,0.0288514,-45.84425547537735,3.636492337168486e-05,2.2907748496999663e-06,33000,101927.31860899378,0.6784845247988539,0.03,0.028848,-91.72070534656652,4.8415715679494505e-05,2.1481000233119627e-06,33000,101950.76450240304,1.3649797535698716,-20.20207995510075,0.054825638196914196,kcal/mol
0.06,0.06,0.0548804,-45.85041736067083,3.792689514432696e-05,2.428020659910863e-06,16000,101344.3059239611,0.7043036243301257,0.06,0.0548667,-91.73391974469982,6.281523777153827e-05,4.021333528255379e-06,16000,101279.29998736896,1.4213374152445688,-20.76095141231192,0.061800449695713966,kcal/mol
0.1,0.1,0.0853307,-45.858051797782124,3.907503213163115e-05,2.2337709083242714e-06,10000,100546.71181818182,0.7285228888979263,0.1,0.0852943,-91.75028854947061,5.9567548912465985e-05,3.4052501196317026e-06,10000,100302.10363636364,1.4708392091438078,-21.451161131103667,0.061660672955862146,kcal/mol
