tau,ene,err
0.1,-6.011829223604875,0.049927529971051515
0.03,-5.40670301242686,0.04155776806181351
0.01,-5.218498576699192,0.04375638783345107
0.003,-5.09002070005743,0.041456251820087366
