tau,ene,err
0.1,-5.776733773410464,0.05100877570810116
0.06,-5.495269562408072,0.04214757886961168
0.05,-5.468241846157452,0.03944116189838987
0.04,-5.44183782153453,0.041962466887903116
0.03,-5.340322222175719,0.03861734749867458
0.02,-5.251315194617547,0.04349387553102149
0.01,-5.190484271777552,0.042981945321756136
0.003,-5.17231673230693,0.03973160237207273
0.001,-5.1553950012424075,0.042993891751569646
