tau,ene,err
0.1,-5.115310761978805,0.04617172508143471
0.06,-5.0013416853354,0.04024067741078185
0.03,-4.902775315828287,0.034820457158001916
0.01,-4.931539845849449,0.036493425738718596
0.006,-4.959990175828499,0.03342137303454014
0.003,-4.9477030960300565,0.041082286086722146
