tau,ene,err
0.1,-5.494913194276796,0.04632798754344166
0.06,-5.249328256572202,0.03534031881650385
0.03,-5.104714792594597,0.03359088736787407
0.02,-5.098379177233691,0.03526566417356313
0.01,-5.009472029024743,0.034805589849278444
0.006,-5.053013014382177,0.03448906419523563
0.003,-5.040006436501228,0.035807948844305715
